Error,Solution,Preprocessed_Error,Error_Length,Solution_Length
High CPU usage on server,Analyze CPU-intensive processes and optimize or scale the workload.,high cpu usage server,24,67.0
Memory leak in application,Identify and fix memory leaks using memory profiling tools.,memory leak application,26,59.0
Frequent network packet drops,Investigate network interfaces and apply QoS policies.,frequent network packet drops,29,54.0
Disk I/O latency spikes,Optimize disk usage and check for I/O bottlenecks.,disk i/o latency spikes,23,50.0
Unexpected server reboots,Review system logs and check hardware for potential faults.,unexpected server reboots,25,59.0
Database connection timeouts,Optimize database configurations and increase connection pool size.,database connection timeouts,28,67.0
Inconsistent log file formats,Standardize log formats using a logging framework.,inconsistent log file formats,29,50.0
Application crashes under load,Load test the application to identify and fix crash points.,application crashes load,30,59.0
Frequent application restarts,Check logs for errors and adjust application configurations.,frequent application restarts,29,60.0
Incorrect monitoring thresholds,Review and adjust monitoring thresholds based on historical data.,incorrect monitoring thresholds,31,65.0
API response time exceeds SLA,Implement caching mechanisms and optimize API performance.,api response time exceeds sla,29,58.0
SSL certificate expiration,Monitor SSL certificate expiry and automate renewal processes.,ssl certificate expiration,26,62.0
Service port conflicts,Check for port conflicts and reassign ports as needed.,service port conflicts,22,54.0
Container orchestrator failures,Review container logs and restart the orchestrator.,container orchestrator failures,31,51.0
Missing log files for certain events,Ensure all critical events are logged appropriately.,missing log files certain events,36,52.0
Slow database query execution,Optimize database queries and add indexes where necessary.,slow database query execution,29,58.0
Version mismatch between services,Align service versions through consistent deployment practices.,version mismatch services,33,63.0
Data sync delays across regions,Implement real-time data sync and monitoring across regions.,data sync delays across regions,31,60.0
Broken microservice dependencies,Audit microservice dependencies and implement retries for failures.,broken microservice dependencies,32,67.0
Insufficient server disk space,Increase disk space or clean up unnecessary files.,insufficient server disk space,30,50.0
Excessive garbage collection cycles,Tune garbage collection settings for optimal performance.,excessive garbage collection cycles,35,57.0
Orphaned processes consuming resources,Monitor for orphaned processes and implement automatic cleanup.,orphaned processes consuming resources,38,63.0
Failed automated backups,Verify backup schedules and fix any script errors.,failed automated backups,24,50.0
Inaccurate anomaly detection,Improve anomaly detection models with updated data.,inaccurate anomaly detection,28,51.0
Frequent log rotation failures,Check log rotation configurations and permissions.,frequent log rotation failures,30,50.0
Network configuration drift,Regularly audit network configurations and maintain documentation.,network configuration drift,27,66.0
Non-compliant security patches,Implement an automated patch management system.,non-compliant security patches,30,47.0
Outdated dependency libraries,Update libraries and dependencies to the latest versions.,outdated dependency libraries,29,57.0
Multiple DNS resolution failures,Investigate DNS settings and network configurations.,multiple dns resolution failures,32,52.0
Incorrect network ACL rules,Review network ACL rules for correctness and update them.,incorrect network acl rules,27,57.0
Intermittent VPN disconnections,Check VPN settings and troubleshoot connectivity issues.,intermittent vpn disconnections,31,56.0
Overlapping IP address allocations,Audit IP allocations and update network documentation.,overlapping ip address allocations,34,54.0
Cluster node failures,Implement high availability for cluster nodes.,cluster node failures,21,46.0
Failed service failover mechanisms,Review and test service failover configurations.,failed service failover mechanisms,34,48.0
Application memory fragmentation,Tune memory settings to prevent fragmentation.,application memory fragmentation,32,46.0
Data replication inconsistencies,Verify data replication settings and logs.,data replication inconsistencies,32,42.0
Unsupported API versions in use,Deprecate unsupported APIs and update integrations.,unsupported api versions use,31,51.0
Auto-scaling delays,Optimize auto-scaling triggers for faster response times.,auto-scaling delays,19,57.0
Log ingestion pipeline bottlenecks,Optimize log ingestion and processing pipelines.,log ingestion pipeline bottlenecks,34,48.0
Configuration management discrepancies,Implement configuration management best practices.,configuration management discrepancies,38,50.0
Service registry synchronization issues,Synchronize service registries using consistent updates.,service registry synchronization issues,39,56.0
Unbalanced load distribution,Balance load distribution using traffic analysis.,unbalanced load distribution,28,49.0
Inadequate application logging,Enhance application logging for better debugging.,inadequate application logging,30,49.0
Session timeout misconfigurations,Adjust session timeout values based on user feedback.,session timeout misconfigurations,33,53.0
Underutilized resource allocation,Reevaluate resource allocations to match usage patterns.,underutilized resource allocation,33,56.0
Network interface misconfigurations,Check network interface configurations and resolve issues.,network interface misconfigurations,35,58.0
Unauthorized access attempts,Monitor access logs and enforce stricter security policies.,unauthorized access attempts,28,59.0
Unoptimized database indexes,Add database indexes for frequently queried fields.,unoptimized database indexes,28,51.0
Frequent cache invalidations,Review caching strategies to reduce invalidations.,frequent cache invalidations,28,50.0
Inefficient data serialization,Use efficient data serialization formats like JSON or Protobuf.,inefficient data serialization,30,63.0
Delayed alert notifications,Set up alert prioritization and automated escalation.,delayed alert notifications,27,53.0
Untracked changes in config files,Implement version control for configuration files.,untracked changes config files,33,50.0
Database deadlocks,Investigate deadlock causes and optimize database transactions.,database deadlocks,18,63.0
Corrupted log files,Set up log file integrity checks and backups.,corrupted log files,19,45.0
Stale DNS cache entries,Clear DNS cache entries and validate DNS configurations.,stale dns cache entries,23,56.0
Insufficient thread pool size,Optimize thread pool size based on load testing results.,insufficient thread pool size,29,56.0
Missing environment variables,Ensure all required environment variables are set.,missing environment variables,29,50.0
Broken CI/CD pipelines,Debug CI/CD pipelines and fix broken stages.,broken ci/cd pipelines,22,44.0
Incorrect SSL/TLS configurations,Verify SSL/TLS configurations for correctness.,incorrect ssl/tls configurations,32,46.0
Service discovery timeouts,Increase service discovery timeout values if necessary.,service discovery timeouts,26,55.0
Unexpected autoscaling limits,Monitor autoscaling settings and adjust as needed.,unexpected autoscaling limits,29,50.0
High JVM heap utilization,Adjust JVM heap size and enable garbage collection tuning.,high jvm heap utilization,25,58.0
Cross-origin resource sharing (CORS) issues,Review CORS policies and ensure proper configuration.,cross-origin resource sharing cors issues,43,53.0
Outdated monitoring agents,Update monitoring agents to the latest versions.,outdated monitoring agents,26,48.0
Non-standard application ports,Use standard ports and update network security policies.,non-standard application ports,30,56.0
Fragmented log storage locations,"Consolidate log storage to centralized, accessible locations.",fragmented log storage locations,32,61.0
Database schema inconsistencies,Standardize database schema updates across environments.,database schema inconsistencies,31,56.0
Inconsistent time zones across services,Set time zone configurations uniformly across services.,inconsistent time zones across services,39,55.0
Slow service dependency resolution,Implement service discovery optimization techniques.,slow service dependency resolution,34,52.0
Unoptimized load balancing algorithms,Review load balancing algorithms for efficiency.,unoptimized load balancing algorithms,37,48.0
Memory thrashing due to oversubscription,Reduce memory oversubscription by adjusting limits.,memory thrashing due oversubscription,40,51.0
Failure in distributed transaction coordination,Implement distributed transaction management mechanisms.,failure distributed transaction coordination,47,56.0
Data corruption during ETL processes,Verify ETL processes and set up data integrity checks.,data corruption etl processes,36,54.0
Unauthorized data access violations,Enhance data security controls and access policies.,unauthorized data access violations,35,51.0
Security certificate chain issues,Ensure correct SSL certificate installation and chain validation.,security certificate chain issues,33,65.0
Inadequate rate limiting on APIs,Implement API rate limiting to prevent abuse.,inadequate rate limiting apis,32,45.0
Misconfigured application dependencies,Audit application dependencies and resolve mismatches.,misconfigured application dependencies,38,54.0
Application memory leaks,Use memory profiling tools to identify and fix leaks.,application memory leaks,24,53.0
Virtual machine snapshot failures,Schedule regular VM snapshot checks and repairs.,virtual machine snapshot failures,33,48.0
Erratic load balancer behavior,Analyze load balancer logs and adjust configurations.,erratic load balancer behavior,30,53.0
Unrestricted data retention,Implement data retention policies for compliance.,unrestricted data retention,27,49.0
Event log overflow,Configure event log limits and implement archiving.,event log overflow,18,51.0
Frequent endpoint deprecation warnings,Monitor for deprecated API calls and update them.,frequent endpoint deprecation warnings,38,49.0
Deprecated API calls in use,Optimize query caching strategies for the database.,deprecated api calls use,27,51.0
Database query cache contention,Implement data validation checks during deserialization.,database query cache contention,31,56.0
Data deserialization errors,Validate storage mounts and perform periodic checks.,data deserialization errors,27,52.0
Failed storage volume mounts,Review and update failover policies regularly.,failed storage volume mounts,28,46.0
Incorrect failover policies,Analyze service dependencies and remove cyclic patterns.,incorrect failover policies,27,56.0
Cyclic dependencies in microservices,Use monitoring tools to balance resource usage.,cyclic dependencies microservices,36,47.0
Unbalanced resource provisioning,Remove unnecessary database indexes to reduce bloat.,unbalanced resource provisioning,32,52.0
Database index bloat,Implement audit logging for all sensitive operations.,database index bloat,20,53.0
Missing audit logs for sensitive operations,Increase bandwidth allocation where network usage is high.,missing audit logs sensitive operations,43,58.0
Insufficient network bandwidth allocation,Analyze latency sources and implement optimizations.,insufficient network bandwidth allocation,41,52.0
Service latency spikes,Check data formats for consistency in ETL pipelines.,service latency spikes,22,52.0
Data format mismatch in ETL,Use feature flags to control application rollouts.,data format mismatch etl,27,50.0
Frequent application rollbacks,Right-size cloud resources based on usage metrics.,frequent application rollbacks,30,50.0
Over-provisioned cloud resources,Investigate API gateway errors using error logs.,over-provisioned cloud resources,32,48.0
Intermittent API gateway errors,Document all error codes for easy debugging.,intermittent api gateway errors,31,44.0
Undocumented error codes,Implement cache optimization techniques.,undocumented error codes,24,40.0
Redundant data in caches,Profile and optimize application startup routines.,redundant data caches,24,50.0
Unexpected application behavior in production,Review application logs and trace unexpected behaviors.,unexpected application behavior production,45,55.0
Slow log ingestion due to high volume,Scale log ingestion infrastructure and apply rate limiting.,slow log ingestion due high volume,37,59.0
Service registry inconsistencies,Synchronize service registry with configuration sources.,service registry inconsistencies,32,56.0
Frequent container restarts in production,Investigate container logs to identify restart causes.,frequent container restarts production,41,54.0
Broken alerting rules,Update and verify alerting rules for accuracy.,broken alerting rules,21,46.0
High database connection wait times,Increase database connection pool or optimize queries.,high database connection wait times,35,54.0
API request rate limiting triggered,Implement backoff strategies for API rate limiting.,api request rate limiting triggered,35,51.0
Stale service endpoint configurations,Update stale endpoint configurations and redeploy services.,stale service endpoint configurations,37,59.0
Inadequate error handling in application,Implement proper error handling and exception management.,inadequate error handling application,40,57.0
Delayed application startup due to dependencies,Optimize startup scripts and manage service dependencies.,delayed application startup due dependencies,47,57.0
Excessive use of deprecated API features,Audit and remove deprecated API features.,excessive use deprecated api features,40,41.0
Misaligned service health checks,Align health checks with actual service conditions.,misaligned service health checks,32,51.0
Duplicate log entries in the central log system,Eliminate duplicate log entries by reviewing log sources.,duplicate log entries central log system,47,57.0
Memory fragmentation in long-running services,Apply memory management techniques to reduce fragmentation.,memory fragmentation long-running services,45,59.0
Auto-scaling groups not triggering on demand,Adjust auto-scaling policies and thresholds.,auto-scaling groups triggering demand,44,44.0
Frequent container orchestration failures,Troubleshoot orchestration settings and retry strategies.,frequent container orchestration failures,41,57.0
Outdated OS packages on servers,Update OS packages to the latest versions regularly.,outdated os packages servers,31,52.0
Frequent file handle exhaustion,Monitor open files and increase system file descriptor limits.,frequent file handle exhaustion,31,62.0
Broken CI/CD deployment pipelines,Debug and fix broken stages in CI/CD pipelines.,broken ci/cd deployment pipelines,33,47.0
Redundant microservice calls detected,Reduce redundant calls by caching responses.,redundant microservice calls detected,37,44.0
Excessive inter-service communication,Use message queues to optimize inter-service communication.,excessive inter-service communication,37,59.0
Inaccurate log-based metrics,Update log-based metrics to reflect accurate values.,inaccurate log-based metrics,28,52.0
Inefficient load balancing in multi-cloud setups,Optimize load balancing strategies across clouds.,inefficient load balancing multi-cloud setups,48,49.0
Unexpected increase in service request errors,Monitor errors and apply targeted fixes.,unexpected increase service request errors,45,40.0
Slow job processing in the message queue,Prioritize high-priority jobs in the message queue.,slow job processing message queue,40,51.0
Missing alert rules for critical components,Add alert rules for missing critical events.,missing alert rules critical components,43,44.0
Disk space rapidly consumed by temp files,Regularly clean up temp files and monitor disk usage.,disk space rapidly consumed temp files,41,53.0
Multiple failed application deployments,Identify and resolve deployment errors.,multiple failed application deployments,39,39.0
Incorrect server time synchronization,Synchronize server times using NTP or other protocols.,incorrect server time synchronization,37,54.0
Excessive database transaction rollbacks,Optimize transactions to reduce rollbacks.,excessive database transaction rollbacks,40,42.0
Unexpected cache evictions,Investigate cache behavior and adjust eviction policies.,unexpected cache evictions,26,56.0
Misconfigured load balancing algorithms,Tune load balancing algorithms based on traffic patterns.,misconfigured load balancing algorithms,39,57.0
Database table lock contention,Identify locking issues and optimize database table structures.,database table lock contention,30,63.0
Frequent session expirations,Review session management settings and extend expiration times.,frequent session expirations,28,63.0
Data pipeline processing delays,Monitor and adjust data pipeline processing times.,data pipeline processing delays,31,50.0
Underperforming virtual machine instances,Scale virtual machines according to performance metrics.,underperforming virtual machine instances,41,56.0
Broken application routing rules,Fix application routing rules and redeploy.,broken application routing rules,32,43.0
Stale data in analytics dashboards,Update analytics dashboard data sources.,stale data analytics dashboards,34,40.0
Unexpected changes in log format,Standardize log format updates across services.,unexpected changes log format,32,47.0
Container image pulls failing,Check container registries for image issues.,container image pulls failing,29,44.0
Frequent API timeout errors,Increase API timeouts or optimize API code.,frequent api timeout errors,27,43.0
DNS resolution delays,Review DNS settings and cache configurations.,dns resolution delays,21,45.0
Invalid service access tokens,Rotate access tokens and update configurations.,invalid service access tokens,29,47.0
Irregular backup schedule adherence,Establish a consistent backup schedule.,irregular backup schedule adherence,35,39.0
Unoptimized log aggregation settings,Adjust log aggregation settings for performance.,unoptimized log aggregation settings,36,48.0
Failure to detect network anomalies,Implement network anomaly detection tools.,failure detect network anomalies,35,42.0
Delayed load balancer provisioning,Monitor and automate load balancer provisioning.,delayed load balancer provisioning,34,48.0
Broken API rate limiting policies,Review API rate limiting and adjust policies.,broken api rate limiting policies,33,45.0
Disk I/O saturation during backups,Optimize backup operations to avoid disk I/O saturation.,disk i/o saturation backups,34,56.0
Excessive network retransmissions,Analyze network and adjust settings to reduce retransmissions.,excessive network retransmissions,33,62.0
Duplicate database entries detected,Remove duplicate database entries and improve data validation.,duplicate database entries detected,35,62.0
Service mesh misconfiguration,Verify and correct service mesh configurations.,service mesh misconfiguration,29,47.0
Unnecessary resource provisioning,Review and remove unnecessary resources.,unnecessary resource provisioning,33,40.0
Unauthorized modifications to configurations,Audit configuration changes and implement access controls.,unauthorized modifications configurations,44,58.0
Broken cross-region data replication,Monitor cross-region data replication for consistency.,broken cross-region data replication,36,54.0
Overloaded database query caches,Analyze database query caches for performance improvements.,overloaded database query caches,32,59.0
Database schema changes causing errors,Standardize schema changes and test before deployment.,database schema changes causing errors,38,54.0
Unauthorized SSH access attempts,Apply stronger SSH access controls.,unauthorized ssh access attempts,32,35.0
Undetected network segmentation issues,Implement network segmentation and monitor traffic.,undetected network segmentation issues,38,51.0
Memory leaks in service workers,Identify and fix memory leaks in service workers.,memory leaks service workers,31,49.0
Frequent database timeouts,Increase database timeouts for slow operations.,frequent database timeouts,26,47.0
Configuration file conflicts,Resolve configuration file conflicts and validate settings.,configuration file conflicts,28,59.0
Slow failover during cluster node failure,Speed up cluster failovers with optimized configurations.,slow failover cluster node failure,41,57.0
Disk encryption failures,Monitor and fix disk encryption issues.,disk encryption failures,24,39.0
Misaligned resource allocation in cloud environments,Align cloud resource allocation with usage patterns.,misaligned resource allocation cloud environments,52,52.0
Frequent SSL handshake failures,Fix SSL handshake issues and update certificates.,frequent ssl handshake failures,31,49.0
Broken microservice dependency graphs,Visualize microservice dependencies and resolve issues.,broken microservice dependency graphs,37,55.0
Unplanned autoscaling group downsizing,Automate autoscaling group changes to match demand.,unplanned autoscaling group downsizing,38,51.0
Incorrect load balancer health checks,Review load balancer configurations and health checks.,incorrect load balancer health checks,37,54.0
Expired application secrets,Monitor and rotate expired application secrets.,expired application secrets,27,47.0
Database transaction log overflow,Purge transaction logs regularly.,database transaction log overflow,33,33.0
Stale DNS record propagation,Ensure DNS records are updated and propagated.,stale dns record propagation,28,46.0
Frequent SSL/TLS renegotiations,Review SSL/TLS renegotiation policies.,frequent ssl/tls renegotiations,31,38.0
Out-of-sync distributed caches,Sync distributed caches regularly.,out-of-sync distributed caches,30,34.0
Excessive log retention in local storage,Move log retention to centralized storage.,excessive log retention local storage,40,42.0
Container logs not forwarded to central log system,Ensure container logs are forwarded correctly.,container logs forwarded central log system,50,46.0
Frequent authentication token expirations,Implement token rotation to reduce expirations.,frequent authentication token expirations,41,47.0
Non-compliant network traffic detected,Detect and block non-compliant network traffic.,non-compliant network traffic detected,38,47.0
Inadequate API usage tracking,Track and analyze API usage metrics.,inadequate api usage tracking,29,36.0
Data processing jobs failing intermittently,Increase monitoring on data processing jobs.,data processing jobs failing intermittently,43,44.0
Network packet inspection not enabled,Enable packet inspection to detect anomalies.,network packet inspection enabled,37,45.0
Excessive number of open file descriptors,Manage file descriptors to avoid exhaustion.,excessive number open file descriptors,41,44.0
Database row locking issues,Resolve row locking by tuning queries.,database row locking issues,27,38.0
Service discovery inconsistencies,Ensure consistent service discovery.,service discovery inconsistencies,33,36.0
Frequent database index rebuilds,Automate database index rebuilds.,frequent database index rebuilds,32,33.0
Network latency affecting application performance,Reduce network latency through optimization.,network latency affecting application performance,49,44.0
Outdated application container images,Update container images to latest versions.,outdated application container images,37,43.0
Incorrect usage of environment variables,Validate environment variable usage.,incorrect usage environment variables,40,36.0
Stale Kubernetes pod configurations,Review and refresh Kubernetes configurations.,stale kubernetes pod configurations,35,45.0
Frequent inter-service deadlocks,Identify and resolve service deadlocks.,frequent inter-service deadlocks,32,39.0
Missing service access logs,Enable comprehensive access logs.,missing service access logs,27,33.0
Unauthorized data exports detected,Track and prevent unauthorized data exports.,unauthorized data exports detected,34,44.0
Service configuration drift,Automate configuration management.,service configuration drift,27,34.0
Frequent API gateway routing errors,Resolve API gateway routing errors.,frequent api gateway routing errors,35,35.0
Excessive logging causing disk usage spikes,Optimize logging to prevent disk spikes.,excessive logging causing disk usage spikes,43,40.0
Outdated API documentation,Update and document API endpoints.,outdated api documentation,26,34.0
Unresponsive application endpoints,Monitor and restart unresponsive endpoints.,unresponsive application endpoints,34,43.0
Frequent cloud resource scaling issues,Align cloud resource scaling with demand.,frequent cloud resource scaling issues,38,41.0
Excessive 5xx response codes in API logs,Track and resolve excessive error codes.,excessive 5xx response codes api logs,40,40.0
Broken backup restore processes,Test and fix backup restore processes.,broken backup restore processes,31,38.0
High memory usage in microservices,Identify and reduce memory usage.,high memory usage microservices,34,33.0
Inefficient network ACL rules,Review and optimize network ACLs.,inefficient network acl rules,29,33.0
Non-standard API response codes,Standardize API response codes.,non-standard api response codes,31,31.0
Overloaded application threads,Tune application threading for efficiency.,overloaded application threads,30,42.0
Stale configuration data in distributed systems,Update configuration data in distributed systems.,stale configuration data distributed systems,47,49.0
Unauthorized access to monitoring tools,Enhance monitoring tool security.,unauthorized access monitoring tools,39,33.0
Database connection pool exhaustion,Tune database connection pools.,database connection pool exhaustion,35,31.0
Slow database backups during peak hours,Automate off-peak database backups.,slow database backups peak hours,39,35.0
Unoptimized database partitioning,Repartition databases for optimization.,unoptimized database partitioning,33,39.0
Unreachable internal service endpoints,Check and update service endpoint availability.,unreachable internal service endpoints,38,47.0
Incorrect firewall configurations,Audit firewall settings for correctness.,incorrect firewall configurations,33,40.0
Frequent log scraping failures,Resolve log scraping configuration issues.,frequent log scraping failures,30,42.0
High error rates in background jobs,Monitor error rates in background jobs.,high error rates background jobs,35,39.0
Orphaned cloud resources not cleaned up,Clean up orphaned resources periodically.,orphaned cloud resources cleaned,39,41.0
Service version rollbacks failing,Automate rollback processes.,service version rollbacks failing,33,28.0
Broken logging level configurations,Fix logging level configurations.,broken logging level configurations,35,33.0
Unauthorized access to application secrets,Restrict access to secrets.,unauthorized access application secrets,42,27.0
Frequent SSL/TLS certificate revocations,Review and revoke SSL/TLS certificates.,frequent ssl/tls certificate revocations,40,39.0
Incorrect service endpoint mappings,Update service endpoint mappings.,incorrect service endpoint mappings,35,33.0
Excessive use of API retries,Limit excessive API retries.,excessive use api retries,28,28.0
Frequent app configuration reloads,Automate configuration reloads.,frequent app configuration reloads,34,31.0
Excessive use of synchronous API calls,Use asynchronous API calls.,excessive use synchronous api calls,38,27.0
Slow data export processes,Speed up data export tasks.,slow data export processes,26,27.0
Incorrect RBAC policies,Correct RBAC policies.,incorrect rbac policies,23,22.0
Frequent cache purging,Manage cache strategies.,frequent cache purging,22,24.0
Unoptimized data indexing strategies,Tune data indexing.,unoptimized data indexing strategies,36,19.0
Misconfigured network monitoring tools,Implement network monitoring.,misconfigured network monitoring tools,38,29.0
Frequent network routing table updates,Optimize network routing.,frequent network routing table updates,38,25.0
Slow CI/CD build processes,Speed up CI/CD builds.,slow ci/cd build processes,26,22.0
Delayed alert escalations,Escalate alerts promptly.,delayed alert escalations,25,25.0
Inaccurate resource utilization reports,Improve resource reporting.,inaccurate resource utilization reports,39,27.0
Frequent web application firewall blocks,Track WAF blocks.,frequent web application firewall blocks,40,17.0
Untracked changes to infrastructure,Audit infrastructure changes.,untracked changes infrastructure,35,29.0
Service routing issues in microservices,Resolve service routing.,service routing issues microservices,39,24.0
Duplicate log records detected,Deduplicate log entries.,duplicate log records detected,30,24.0
Frequent SSL/TLS protocol downgrade attacks,Track SSL/TLS downgrades.,frequent ssl/tls protocol downgrade attacks,43,25.0
Misaligned load balancing policies,Align load balancing.,misaligned load balancing policies,34,21.0
Outdated incident response playbooks,Update incident playbooks.,outdated incident response playbooks,36,26.0
Frequent service health check failures,Check service health.,frequent service health check failures,38,21.0
High application crash rates,Manage crash rates.,high application crash rates,28,19.0
Unoptimized data archival processes,Optimize data archiving.,unoptimized data archival processes,35,24.0
Data replication failures across data centers,Fix replication failures.,data replication failures across data centers,45,25.0
Undetected system performance degradation,Detect performance drops.,undetected system performance degradation,41,25.0
Broken health check endpoints,Restore health checks.,broken health check endpoints,29,22.0
Frequent service-to-service communication failures,Fix inter-service links.,frequent service-to-service communication failures,50,24.0
Unoptimized ETL job scheduling,Schedule ETL jobs.,unoptimized etl job scheduling,30,18.0
Frequent log scraping errors,Resolve scraping errors.,frequent log scraping errors,28,24.0
Untracked configuration changes,Track config changes.,untracked configuration changes,31,21.0
Frequent data access policy violations,Prevent data policy breaches.,frequent data access policy violations,38,29.0
Slow data processing in real-time analytics,Speed up data processing.,slow data processing real-time analytics,43,25.0
Frequent database schema migrations,Handle schema changes.,frequent database schema migrations,35,22.0
Excessive memory allocation in containers,Manage memory in containers.,excessive memory allocation containers,41,28.0
Frequent service mesh updates,Review service mesh.,frequent service mesh updates,29,20.0
Broken container network overlays,Fix network overlays.,broken container network overlays,33,21.0
Undocumented service dependencies,Document dependencies.,undocumented service dependencies,33,22.0
Incorrect alert severity levels,Adjust alert severities.,incorrect alert severity levels,31,24.0
Service registry update failures,Update registry data.,service registry update failures,32,21.0
Stale cluster state in orchestration systems,Sync cluster states.,stale cluster state orchestration systems,44,20.0
Over-provisioned cloud instances,Adjust cloud usage.,over-provisioned cloud instances,32,19.0
Frequent log shipping failures,Handle log shipping.,frequent log shipping failures,30,20.0
Incorrect health check configurations,Fix health checks.,incorrect health check configurations,37,18.0
Frequent application routing table changes,Track routing updates.,frequent application routing table changes,42,22.0
Slow configuration management updates,Sync configurations.,slow configuration management updates,37,20.0
Delayed cluster node scaling,Scale nodes promptly.,delayed cluster node scaling,28,21.0
Excessive DNS queries from services,Reduce DNS queries.,excessive dns queries services,35,19.0
Outdated software packages in images,Update software.,outdated software packages images,36,16.0
Unauthorized service account usage,Restrict service accounts.,unauthorized service account usage,34,26.0
Broken log forwarding mechanisms,Fix log forwarding.,broken log forwarding mechanisms,32,19.0
Unoptimized cloud storage access patterns,Optimize storage.,unoptimized cloud storage access patterns,41,17.0
Delayed alert processing,Improve alerting.,delayed alert processing,24,17.0
Service endpoint unavailability,Check endpoints.,service endpoint unavailability,31,16.0
Frequent application state corruption,Prevent state issues.,frequent application state corruption,37,21.0
Outdated monitoring configurations,Update monitoring.,outdated monitoring configurations,34,18.0
Inaccurate API rate limit metrics,Track API rates.,inaccurate api rate limit metrics,33,16.0
Misconfigured session management,Fix session bugs.,misconfigured session management,32,17.0
Frequent disk I/O errors,Handle disk errors.,frequent disk i/o errors,24,19.0
Untracked changes in cloud infrastructure,Audit cloud changes.,untracked changes cloud infrastructure,41,20.0
Outdated application logging libraries,Update libraries.,outdated application logging libraries,38,17.0
High database write latency,Handle write latency.,high database write latency,27,21.0
Undetected application performance regressions,Detect regressions.,undetected application performance regressions,46,19.0
Slow service failover response times,Speed up failover.,slow service failover response times,36,18.0
Unauthorized cloud API access attempts,Restrict cloud access.,unauthorized cloud api access attempts,38,22.0
Inadequate application dependency tracking,Track dependencies.,inadequate application dependency tracking,42,19.0
Frequent log format changes,Fix log formats.,frequent log format changes,27,16.0
Unoptimized API payload sizes,Optimize API sizes.,unoptimized api payload sizes,29,19.0
Broken message queue consumers,Fix queue consumers.,broken message queue consumers,30,20.0
Incorrect network routing rules,Audit routing.,incorrect network routing rules,31,14.0
Frequent log ingestion rate limits,Increase log rates.,frequent log ingestion rate limits,34,19.0
Delayed cloud resource provisioning,Provision resources.,delayed cloud resource provisioning,35,20.0
Outdated load balancing rules,Update load rules.,outdated load balancing rules,29,18.0
Misaligned logging level configurations,Fix logging levels.,misaligned logging level configurations,39,19.0
Frequent app cache invalidations,Purge caches.,frequent app cache invalidations,32,13.0
Unoptimized data export pipelines,Optimize exports.,unoptimized data export pipelines,33,17.0
Inadequate data encryption standards,Use strong encryption.,inadequate data encryption standards,36,22.0
Frequent endpoint decommissioning failures,Handle decommissioning.,frequent endpoint decommissioning failures,42,23.0
Incorrect API gateway routing rules,Correct routing.,incorrect api gateway routing rules,35,16.0
Frequent service discovery changes,Track discovery.,frequent service discovery changes,34,16.0
Outdated incident response procedures,Update response plans.,outdated incident response procedures,37,22.0
Undetected configuration drifts,Audit configurations.,undetected configuration drifts,31,21.0
Incorrect role-based access control (RBAC) settings,Set RBAC correctly.,incorrect role-based access control rbac settings,51,19.0
Service mesh connectivity issues,Fix mesh links.,service mesh connectivity issues,32,15.0
Frequent log file access errors,Resolve file errors.,frequent log file access errors,31,20.0
Broken service endpoint mappings,Map endpoints.,broken service endpoint mappings,32,14.0
Frequent application retries on failure,Limit retries.,frequent application retries failure,39,14.0
Inadequate service health monitoring,Monitor health.,inadequate service health monitoring,36,15.0
Stale service mesh configurations,Update mesh config.,stale service mesh configurations,33,19.0
billabong,its an error,billabong,9,12.0
tatabirla,they are tycoons,tatabirla,9,16.0
vinay has a knife,he is roaming in borivali,vinay knife,17,
